,count,unique,top,freq,mean,std,min,25%,50%,75%,max
Invoice,824364,44876,576339,542,,,,,,,
StockCode,824364,4646,85123A,5322,,,,,,,
Description,824364,5299,WHITE HANGING HEART T-LIGHT HOLDER,5315,,,,,,,
Quantity,824364,643,,,12.41457414,188.976099,-80995,2,5,12,80995
InvoiceDate,824364,41439,11/14/2011 15:27,543,,,,,,,
Price,824364,1022,,,3.676799579,70.24138769,0,1.25,1.95,3.75,38970
CustomerID,824364,5942,,,15324.6385,1697.46445,12346,13975,15255,16797,18287
Country,824364,41,United Kingdom,741301,,,,,,,
