Cluster_Label,Count,Recency,Frequency,Monetary
I,1875,50.06133333333333,2.0272,558.7082629333333
II,820,37.63780487804878,5.675609756097561,1847.4029146341463
III,908,228.24008810572687,1.4900881057268722,404.08573788546255
