Cluster_Label,Count,Recency,Frequency,Monetary
I,2062,57.25169738118332,2.1682832201745876,677.7295116391853
II,675,30.90074074074074,6.173333333333333,1869.4035407407405
III,866,222.93187066974596,1.3510392609699768,311.8159237875289
