Cluster,Count,Recency,Frequency,Monetary
0,1875,50.06133333333333,2.0272,558.7082629333333
1,820,37.63780487804878,5.675609756097561,1847.4029146341463
2,908,228.24008810572687,1.4900881057268722,404.08573788546255
